link_image,link_product,name_product,price_origin,price,rate,review_count,sale_count,like_count,fee_delivery,is_flash_sale,quantity,descibe,detail,ƒê√°nh gi√°,t·ªâ l·ªá ph·∫£n h·ªìi,tham gia,S·∫£n ph·∫©m,th·ªùi gian ph·∫£n h·ªìi,Ng∆∞·ªùi theo d√µi,shop_name,shop_brand
https://down-vn.img.susercontent.com/file/vn-11134207-7r98o-lzbhs2hqc4st08_tn,https://shopee.vn/Chu%E1%BB%99t-Kh%C3%B4ng-D%C3%A2y-M220-Kh%C3%B4ng-Ti%E1%BA%BFng-%C4%90%E1%BB%99ng-C%C3%B3-C%C3%B4ng-T%E1%BA%AFc-On-Off-%C4%90%E1%BB%99-Nh%E1%BA%A1y-Cao-B%E1%BA%A3o-H%C3%A0nh-12-Th%C3%A1ng-i.40850068.3767378629?sp_atk=c5487110-c732-49db-b3fc-3b0b3fb76195&xptdk=c5487110-c732-49db-b3fc-3b0b3fb76195,Chu·ªôt Kh√¥ng D√¢y M220 Kh√¥ng Ti·∫øng ƒê·ªông- C√≥ C√¥ng T·∫Øc On/Off  - ƒê·ªô Nh·∫°y Cao - B·∫£o H√†nh 12 Th√°ng,‚Ç´79.000 - ‚Ç´135.000,‚Ç´48.000 - ‚Ç´72.000,4.8,"11,8k","46,2k","ƒê√£ th√≠ch (2,4k)",‚Ç´0,0,1487 s·∫£n ph·∫©m c√≥ s·∫µn,"üî•TH√îNG S·ªê K·ª∏ THU·∫¨Tüî•
       ‚úîÔ∏èLo·∫°i k·∫øt n·ªëi: K·∫øt n·ªëi kh√¥ng d√¢y 2.4 GHz       ‚úîÔ∏èPh·∫°m vi kh√¥ng d√¢y: 10 m√©t       ‚úîÔ∏èGI·∫¢M TI·∫æNG ·ªíN TR√äN 90%       ‚úîÔ∏èK·∫øt n·ªëi / Ngu·ªìn: C√≥, c√¥ng t·∫Øc b·∫≠t/t·∫Øt       ‚úîÔ∏èChi ti·∫øt v·ªÅ pin: 1 x AA
üî•üî•Tu·ªïi th·ªç pin: 18 th√°ngüî•üî•üî•       ‚úîÔ∏èTu·ªïi th·ªç pin c√≥ th·ªÉ thay ƒë·ªïi t√πy theo ng∆∞·ªùi d√πng v√† t√¨nh tr·∫°ng s·ª≠ d·ª•ng m√°y t√≠nh       ‚úîÔ∏èDPI (T·ªëi thi·ªÉu/T·ªëi ƒëa): 1000¬±       ‚úîÔ∏èC√¥ng ngh·ªá c·∫£m bi·∫øn: T√≠nh nƒÉng theo d√µi quang h·ªçc n√¢ng cao        ‚úîÔ∏èƒê·ªô ph√¢n gi·∫£i c·∫£m bi·∫øn: 1000 dpi       ‚úîÔ∏èB√°nh xe cu·ªôn: C√≥, 2D, quang h·ªçc
üî•üî•üî•THI·∫æT K·∫æ V√Ä ƒê√ÅNH GI√Å S·∫¢N PH·∫®Müî•üî•üî•       ‚úîÔ∏è  Chu·ªôt kh√¥ng d√¢y Silent M220 c√≥ thi·∫øt k·∫ø nh·ªè g·ªçn ho√†n to√†n v·ª´a v·∫∑n ƒë·ªÉ b·ªè v√†o t√∫i mang ƒëi. Thi·∫øt k·∫ø         thu·∫≠n c·∫£ hai tay ƒëem ƒë·∫øn s·ª± tho·∫£i m√°i v√† ch√≠nh x√°c.       ‚úîÔ∏è Chu·ªôt m√°y t√≠nh n√†y k·∫øt n·ªëi th√¥ng qua USB. Chu·ªôt y√™n l·∫∑ng (Silent Mice) gi·∫£m h∆°n 90% ti·∫øng ·ªìn cho nh·ªØng         l·∫ßn nh·∫•p chu·ªôt       ‚úîÔ∏èK·∫øt n·ªëi kh√¥ng d√¢y m·∫°nh m·∫Ω, ·ªïn ƒë·ªãnh v·ªõi kho·∫£ng c√°ch l√™n t·ªõi 10 m√©t (33 feet).       ‚úîÔ∏èKi·ªÉu d√°ng v·ª´a tay c·∫ßm ng∆∞·ªùi d√πng, ƒë·ªô cao chu·ªôt v·ª´a v·∫∑n tho·∫£i m√°i khi s·ª≠ d·ª•ng.       ‚úîÔ∏èƒê·ªô ph√¢n gi·∫£i quang h·ªçc 1000 DPI gi√∫p cho vi·ªác di chuy·ªÉn chu·ªôt m∆∞·ª£t m√†, ƒë·ªô ch√≠nh x√°c cao       ‚úîÔ∏èƒê·ªÉ k√©o d√†i tu·ªïi th·ªç Pin, h√£y s·ª≠ d·ª•ng c√¥ng t·∫Øc B·∫≠t/ T·∫Øt khi s·ª≠ d·ª•ng

üî•üî•üî•CH·∫§T LI·ªÜU üî•üî•üî•       ‚úîÔ∏è  Ch·∫•t li·ªáu nh·ª±a c·ª©ng ABS cao c·∫•p, b·ªÅn ch·∫Øc
üî•üî•üî•C√îNG D·ª§NG üî•üî•üî•       ‚úîÔ∏è   C√≥ th·ªÉ di chuy·ªÉn c√°c b·∫£ng t√≠nh v√† cu·ªôn ngang c·∫£ t√†i li·ªáu b·∫±ng c√°ch s·ª≠ d·ª•ng b√°nh xe cu·ªôn ho·∫∑c l·∫≠p t·ª©c ph√≥ng to v√† thu nh·ªè tr√™n ·∫£nh ch·ªâ v·ªõi m·ªôt c√∫ nh·∫•p chu·ªôt       ‚úîÔ∏è   Thi·∫øt b·ªã di chuy·ªÉn √™m √°i.       ‚úîÔ∏è   B·∫°n ch·ªâ c·∫ßn c·∫Øm z·∫Øc USB v√† s·ª≠ d·ª•ng ngay l·∫≠p t·ª©c
#logitechm185#chuotcoday  #zadez   #chuotfpt        #chuotfptshop   #fptshop    #chuotgiamgia #chuotcodaygiamgia    #chuotre  #chuotcodayre   #chuotbengiare   #chuotdaybengiare   #chuotsi  #chuotdayrut   #chuotdayrutgiare  #chuotrutsale#chuotmaytinh #chuotvitinh #chuotpc #chuotlaptop #chuotkhongday #chuotcoday #chuotgaming #chuotchoigame #chuotcoday banphim #chuotkhongday #chuotwireless #chuotusb#chuotkhongdaylogitech #chuotlogitechkhongday #chuotlogitechkhongtiengon #chuotkhongdaygiare #chuotkhongday  #logitechkhongday #chuotkhongday #khongdaylogitech #logitech #silent #m220 #chu·ªôtkh√¥ngd√¢y #chu·ªôtwifi",Danh M·ª•cShopeeM√°y T√≠nh & LaptopGamingChu·ªôt M√°y T√≠nhKho1487Ki·ªÉu k·∫øt n·ªëiKh√¥ng d√¢yGame chuy√™n d·ª•ngC√≥H·∫°n b·∫£o h√†nh12 th√°ngLo·∫°i b·∫£o h√†nhB·∫£o h√†nh nh√† cung c·∫•pG·ª≠i t·ª´TP. H·ªì Ch√≠ Minh,"112,2k",86%,7 nƒÉm tr∆∞·ªõc,"1,3k",trong v√†i gi·ªù,"11,4k",Shopgiare1234,Y√™u th√≠ch
https://down-vn.img.susercontent.com/file/vn-11134207-7r98o-lt97e4hz640439_tn,https://shopee.vn/Gi%C3%A1-%C4%90%E1%BB%A1-Laptop-Notebook-B%E1%BA%B1ng-Nh%E1%BB%B1a-Abs-C%C3%B3-Th%E1%BB%83-G%E1%BA%A5p-G%E1%BB%8Dn-Ti%E1%BB%87n-L%E1%BB%A3i-i.120054096.10964417098?sp_atk=c926e758-42d1-4dbe-9c91-a82910d4f354&xptdk=c926e758-42d1-4dbe-9c91-a82910d4f354,Gi√° ƒê·ª° Laptop Notebook B·∫±ng Nh·ª±a Abs C√≥ Th·ªÉ G·∫•p G·ªçn Ti·ªán L·ª£i,,,4.1,"1,3k",,"ƒê√£ th√≠ch (3,8k)",‚Ç´0 - ‚Ç´30.000,1,,,,"6,2k",100%,6 nƒÉm tr∆∞·ªõc,71,trong v√†i gi·ªù,"26,9k",AnBi_ Th·∫ø Gi·ªõi Ph·ª• Ki·ªán,Y√™u th√≠ch
https://down-vn.img.susercontent.com/file/vn-11134207-7r98o-lt97e4hz640439_tn,https://shopee.vn/Gi%C3%A1-%C4%91%E1%BB%A1-laptop-macbook-ipad-c%C3%B3-th%E1%BB%83-%C4%91i%E1%BB%81u-ch%E1%BB%89nh-%C4%91%C6%B0%E1%BB%A3c-%C4%91%E1%BB%99-cao-%C4%91%E1%BA%BF-t%E1%BA%A3n-nhi%E1%BB%87t-k%C3%AA-laptop-gi%C3%A1-%C4%91%E1%BB%A1-m%C3%A1y-t%C3%ADnh-i.985086154.14898148155?sp_atk=b36d0630-1012-4e98-b9e7-fb9f96ef42a8&xptdk=b36d0630-1012-4e98-b9e7-fb9f96ef42a8,"Gi√° ƒë·ª° laptop, macbook, ipad  c√≥ th·ªÉ ƒëi·ªÅu ch·ªânh ƒë∆∞·ª£c ƒë·ªô cao, ƒë·∫ø t·∫£n nhi·ªát k√™ laptop,gi√° ƒë·ª° m√°y t√≠nh",,,4.8,"3,4k",,ƒê√£ th√≠ch (950),‚Ç´0,1,,,,"8,2k",100%,18 th√°ng tr∆∞·ªõc,43,trong v√†i gi·ªù,"3,5k",deerlu05.vn,normal
https://down-vn.img.susercontent.com/file/vn-11134207-7r98o-lt97e4hz640439_tn,https://shopee.vn/Gi%C3%A1-%C4%91%E1%BB%A1-m%C3%A1y-t%C3%ADnh-x%C3%A1ch-tay-c%C3%B3-th%E1%BB%83-g%E1%BA%ADp-l%E1%BA%A1i-T%E1%BA%A3n-nhi%E1%BB%87t-di-%C4%91%E1%BB%99ng-ch%E1%BB%91ng-tr%C6%B0%E1%BB%A3t-Gi%C3%A1-%C4%91%E1%BB%A1-%C4%91%E1%BB%83-b%C3%A0n-m%C3%A1y-t%C3%ADnh-x%C3%A1ch-tay-ti%E1%BB%87n-l%E1%BB%A3i-cho-gia-%C4%91%C3%ACnh-i.1207064031.25171702839?sp_atk=71cc83c2-0767-4f9f-b54e-efdde09253ef&xptdk=71cc83c2-0767-4f9f-b54e-efdde09253ef,Gi√° ƒë·ª° m√°y t√≠nh x√°ch tay c√≥ th·ªÉ g·∫≠p l·∫°i T·∫£n nhi·ªát di ƒë·ªông ch·ªëng tr∆∞·ª£t Gi√° ƒë·ª° ƒë·ªÉ b√†n m√°y t√≠nh x√°ch tay ti·ªán l·ª£i cho gia ƒë√¨nh,,,3.6,494,,ƒê√£ th√≠ch (153),‚Ç´0,0,,,,"7,5k",100%,7 th√°ng tr∆∞·ªõc,"8,1k",trong v√†i ph√∫t,"7,9k",Toxicla14.vn,Y√™u th√≠ch
https://down-vn.img.susercontent.com/file/vn-11134207-7r98o-lt97e4hz640439_tn,https://shopee.vn/Chu%E1%BB%99t-Kh%C3%B4ng-D%C3%A2y-M220-Kh%C3%B4ng-Ti%E1%BA%BFng-%C4%90%E1%BB%99ng-C%C3%B3-C%C3%B4ng-T%E1%BA%AFc-On-Off-%C4%90%E1%BB%99-Nh%E1%BA%A1y-Cao-B%E1%BA%A3o-H%C3%A0nh-12-Th%C3%A1ng-i.40850068.3767378629?sp_atk=13799497-f2ab-4fb8-a4fd-b0fcd62460ac&xptdk=13799497-f2ab-4fb8-a4fd-b0fcd62460ac,Chu·ªôt Kh√¥ng D√¢y M220 Kh√¥ng Ti·∫øng ƒê·ªông- C√≥ C√¥ng T·∫Øc On/Off  - ƒê·ªô Nh·∫°y Cao - B·∫£o H√†nh 12 Th√°ng,,,4.8,"11,8k",,"ƒê√£ th√≠ch (2,4k)",‚Ç´0,0,,,,"112,2k",86%,7 nƒÉm tr∆∞·ªõc,"1,3k",trong v√†i gi·ªù,"11,4k",Shopgiare1234,Y√™u th√≠ch
https://down-vn.img.susercontent.com/file/vn-11134207-7r98o-lt97e4hz640439_tn,https://shopee.vn/Tai-Nghe-Nh%C3%A9t-Tai-HiFi-S2000-Pro-Super-Bass-Ch%E1%BB%91ng-%E1%BB%92n-C%E1%BB%B1c-T%E1%BB%91t-%C3%82m-Thanh-Kh%E1%BB%A7ng-Ch%C6%A1i-Game-Ngon-i.12208293.7637994845?sp_atk=6522d006-f0e9-498e-8c50-96f624b7f3db&xptdk=6522d006-f0e9-498e-8c50-96f624b7f3db,"Tai Nghe Nh√©t Tai HiFi S2000 Pro Super Bass Ch·ªëng ·ªín C·ª±c T·ªët, √Çm Thanh Kh·ªßng, Ch∆°i Game Ngon",,,4.9,"30,1k",,"ƒê√£ th√≠ch (4,8k)",‚Ç´0,0,,,,"189,4k",98%,8 nƒÉm tr∆∞·ªõc,220,trong v√†i gi·ªù,"365,5k",XSmart Store,Y√™u th√≠ch+
https://down-vn.img.susercontent.com/file/vn-11134207-7r98o-lt97e4hz640439_tn,https://shopee.vn/Tai-nghe-c%C3%B3-d%C3%A2y-nh%C3%A9t-tai-U19-ch%C6%A1i-game-jack-3.5mm-bass-%E1%BA%A5m-d%C3%A0nh-cho-c%C3%A1c-d%C3%B2ng-%C4%91i%E1%BB%87n-tho%E1%BA%A1i-m%C3%A1y-t%C3%ADnh-b%E1%BA%A3ng-pc-i.141940207.20574501987?sp_atk=4e617252-c055-4df5-9c65-3afa11a1fd6c&xptdk=4e617252-c055-4df5-9c65-3afa11a1fd6c,"Tai nghe c√≥ d√¢y nh√©t tai U19 ch∆°i game jack 3.5mm bass ·∫•m d√†nh cho c√°c d√≤ng ƒëi·ªán tho·∫°i, m√°y t√≠nh b·∫£ng, pc",,,4.7,"1,5k",,ƒê√£ th√≠ch (168),‚Ç´0 - ‚Ç´96.600,0,,,,"29,1k",100%,5 nƒÉm tr∆∞·ªõc,76,trong v√†i gi·ªù,"16,1k",30000,Y√™u th√≠ch+
https://down-vn.img.susercontent.com/file/vn-11134207-7r98o-lt97e4hz640439_tn,https://shopee.vn/Mi%E1%BA%BFng-l%C3%B3t-chu%E1%BB%99t-Logitech-gi%C3%A1-si%C3%AAu-r%E1%BA%BB-(23-x-20cm)-i.40850068.1726969576?sp_atk=074db19b-4446-4250-8621-8ed7b4da0e88&xptdk=074db19b-4446-4250-8621-8ed7b4da0e88,Mi·∫øng l√≥t chu·ªôt Logitech gi√° si√™u r·∫ª (23 x 20cm),,,4.9,"7,8k",,ƒê√£ th√≠ch (766),‚Ç´0 - ‚Ç´74.100,0,,,,"112,2k",86%,7 nƒÉm tr∆∞·ªõc,"1,3k",trong v√†i gi·ªù,"11,4k",Shopgiare1234,Y√™u th√≠ch
https://down-vn.img.susercontent.com/file/vn-11134207-7r98o-lt97e4hz640439_tn,https://shopee.vn/Gi%C3%A1-%C4%91%E1%BB%A1-LAPTOP-MACBOOK-IPAD-b%E1%BA%B1ng-nh%C3%B4m-c%C3%B3-th%E1%BB%83-%C4%91i%E1%BB%81u-ch%E1%BB%89nh-%C4%91%C6%B0%E1%BB%A3c-%C4%91%E1%BB%99-cao-%C4%91%E1%BA%BF-t%E1%BA%A3n-nhi%E1%BB%87t-k%C3%AA-laptop-nh%C3%B4m-gi%C3%A1-%C4%91%E1%BB%A1-laptop-cao-c%E1%BA%A5p-i.1077510867.25521673214?sp_atk=d84c379e-eaa1-4458-9e8e-9fee36b56458&xptdk=d84c379e-eaa1-4458-9e8e-9fee36b56458,"Gi√° ƒë·ª° LAPTOP, MACBOOK, IPAD b·∫±ng nh√¥m c√≥ th·ªÉ ƒëi·ªÅu ch·ªânh ƒë∆∞·ª£c ƒë·ªô cao, ƒë·∫ø t·∫£n nhi·ªát k√™ laptop nh√¥m gi√° ƒë·ª° laptop cao c·∫•p",,,4.8,609,,ƒê√£ th√≠ch (192),‚Ç´0,1,,,,"22,3k",78%,13 th√°ng tr∆∞·ªõc,32,trong v√†i gi·ªù,"24,2k",MaxSpect,mall
https://down-vn.img.susercontent.com/file/vn-11134207-7r98o-lt97e4hz640439_tn,https://shopee.vn/Mi%E1%BA%BFng-l%C3%B3t-chu%E1%BB%99t-si%C3%AAu-d%E1%BB%85-th%C6%B0%C6%A1ng-26-x-21-cm-v%E1%BA%A3i-d%C3%A0y-v%E1%BB%9Bi-20-m%E1%BA%ABu-t%E1%BB%B1-ch%E1%BB%8Dn-i.14811394.7525669497?sp_atk=f7ba93d1-be0f-4b18-9400-c9b4f9c558b5&xptdk=f7ba93d1-be0f-4b18-9400-c9b4f9c558b5,Mi·∫øng l√≥t chu·ªôt si√™u d·ªÖ th∆∞∆°ng 26 x 21 cm v·∫£i d√†y v·ªõi 20 m·∫´u t·ª± ch·ªçn,‚Ç´25.000,‚Ç´14.000 - ‚Ç´20.000,4.9,"13,4k","67,9k","ƒê√£ th√≠ch (1,7k)",‚Ç´0 - ‚Ç´65.100,0,2884 s·∫£n ph·∫©m c√≥ s·∫µn,"Mi·∫øng l√≥t chu·ªôt si√™u d·ªÖ th∆∞∆°ng 26 x 21 cm v·∫£i d√†y
- Size: 26 x 21 cm
- M·∫∑t v·∫£i m·ªãn v√† kh√≠t n√™n khi r√™ chu·ªôt kh√¥ng c√≥ ƒë·ªô l·ªách, ph√π h·ª£p ch∆°i game, thi·∫øt k·∫ø ƒë·ªì h·ªça c√≥ ƒë·ªô ch√≠nh x√°c cao
- L√≥t chu·ªôt coÃÅ thi·∫øt k·∫ø b·∫Øt m·∫Øt, ƒë·ªôc ƒë√°o v·ªõi m√†u s·∫Øc v√¥ c√πng ·∫•n t∆∞·ª£ng giuÃÅp h·∫°n ch·∫ø chai v√† c·ª©ng c·ªï tay khi s·ª≠ d·ª•ng chu·ªôt qu√° l√¢u, mang m·ªôt ƒëi·ªÉm nh·∫•n c√° t√≠nh cho b√†n l√†m vi·ªác, g√≥c h·ªçc t·∫≠p c·ªßa b·∫°n.
- Mi√™ÃÅng loÃÅt chu√¥Ã£t coÃÅ b·ªÅ m·∫∑t l√†m t·ª´ v·∫£i v√† m·∫∑t d∆∞·ªõi l√† cao su, √™m √°i gi√∫p ph√¢n t√°n √°p l·ª±c, mang ƒë·∫øn c·∫£m gi√°c tho·∫£i m√°i cho tay k·ªÉ c·∫£ khi khi s·ª≠ d·ª•ng chu·ªôt trong th·ªùi gian d√†i.
- ƒê·∫∑c bi·ªát mi√™ÃÅng loÃÅt chu√¥Ã£t v·ªõi k√≠ch th∆∞·ªõc nhoÃâ goÃ£n ph√π h·ª£p cho nhi·ªÅu lo·∫°i chu·ªôt m√°y t√≠nh nh∆∞ chu·ªôt quang, chu·ªôt bi, c√°c lo·∫°i chu·ªôt laser. T√≠nh nƒÉng n√†y gi√∫p b·∫°n s·ª≠ d·ª•ng hi·ªáu qu·∫£ h∆°n v√† kh√¥ng ph·∫£i thay m·ªõi khi b·∫°n ƒë·ªïi lo·∫°i chu·ªôt m√°y t√≠nh.

#tamlotchuot #mienglotdichuot #lotchuotgiare #lotdichuot#lotchuottgiare #mienglotchuot  #sieure #dichuot #lotchuot",Danh M·ª•cShopeeM√°y T√≠nh & LaptopGamingB√†n Di Chu·ªôtKho2884H·∫°n b·∫£o h√†nh12 th√°ngLo·∫°i b·∫£o h√†nhB·∫£o h√†nh nh√† cung c·∫•pGame chuy√™n d·ª•ngC√≥K√≠ch th∆∞·ªõc (d√†i x r·ªông x cao)260 x 210 x 2 - 3 mmG·ª≠i t·ª´TP. H·ªì Ch√≠ Minh,"90,5k",93%,8 nƒÉm tr∆∞·ªõc,278,trong v√†i gi·ªù,"16,7k",Oilbea,Y√™u th√≠ch+
https://down-vn.img.susercontent.com/file/vn-11134207-7r98o-lt97e4hz640439_tn,https://shopee.vn/Gi%C3%A1-%C4%91%E1%BB%A1-LAPTOP-MACBOOK-IPAD-b%E1%BA%B1ng-nh%C3%B4m-9Light-c%C3%B3-th%E1%BB%83-%C4%91i%E1%BB%81u-ch%E1%BB%89nh-%C4%91%C6%B0%E1%BB%A3c-%C4%91%E1%BB%99-cao-%C4%91%E1%BA%BF-t%E1%BA%A3n-nhi%E1%BB%87t-k%C3%AA-laptop-nh%C3%B4m-cao-c%E1%BA%A5p-i.1065012223.26257273599?sp_atk=cffc1a6a-559b-4ae9-bd79-1aaa5f0a6607&xptdk=cffc1a6a-559b-4ae9-bd79-1aaa5f0a6607,"Gi√° ƒë·ª° LAPTOP, MACBOOK, IPAD b·∫±ng nh√¥m 9Light c√≥ th·ªÉ ƒëi·ªÅu ch·ªânh ƒë∆∞·ª£c ƒë·ªô cao, ƒë·∫ø t·∫£n nhi·ªát k√™ laptop nh√¥m cao c·∫•p",‚Ç´130.000,‚Ç´65.000,4.9,"1,5k","15,3k",ƒê√£ th√≠ch (350),‚Ç´0,1,193 s·∫£n ph·∫©m c√≥ s·∫µn,"Hi·ªán t·∫°i tr√™n th·ªã tr∆∞·ªùng c√≥ nhi·ªÅu m·∫´u s·∫£n ph·∫©m gi√° ƒë·ª° laptop kh√°c nhau, do ch·∫•t l∆∞·ª£ng gia c√¥ng, nh√† s·∫£n xu·∫•t kh√°c nhau n√™n c√°c b·∫°n h√£y ch·ªçn l·ª±a k·ªπ l∆∞·ª°ng
- T√™n S·∫£n Ph·∫©m : Gi√° ƒê·ª° M√°y T√≠nh B·∫£ng, Laptop, b·∫±ng Nh√¥m ( Aluminum )
 üî∞ TH√îNG S·ªê K·ª∏ THU·∫¨T
- Ch·∫•t li·ªáu nh√¥m Aluminum cao c·∫•p si√™u b·ªÅn, thi·∫øt k·∫ø nh√¥m ch·∫Øc ch·∫Øn v·ªõi m√†u ƒëen tuy·ªÅn huy·ªÅn b√≠, sang tr·ªçng t·∫°o n√™n m·ªôt s·∫£n ph·∫©m v·ª´a h·ªØu d·ª•ng t·∫£n nhi·ªát, v·ª´a trang tr√≠ khi s·ª≠ d·ª•ng.
- T∆∞∆°ng th√≠ch laptop v√† m√°y t√≠nh b·∫£ng: 11""~15.6"".
- M√†u s·∫Øc: ƒëen, tr·∫Øng


üî∞ L·ª¢I √çCH S·∫¢N PH·∫®M
‚úØ K√≠ch th∆∞·ªõc s·∫£n ph·∫©m: 18 X 25 X 2 CM
‚úØ Kh·∫£ nƒÉng ch·ªãu t·∫£i: 20-30KG
‚úØ C√≥ 5 n·∫•c ƒëi·ªÅu ch·ªânh ƒë·ªô cao v·ªõi c√°c g√≥c s·ª≠ d·ª•ng kh√°c nhau. Gi√∫p h·∫°n ch·∫ø m·ªèi c·ªï, vai khi l√†m vi·ªác v·ªõi m√°y t√≠nh.",Danh M·ª•cShopeeM√°y T√≠nh & LaptopPh·ª• Ki·ªán M√°y T√≠nhB√†n LaptopS·ªë l∆∞·ª£ng h√†ng khuy·∫øn m√£i193S·ªë s·∫£n ph·∫©m c√≤n l·∫°i34146Th∆∞∆°ng hi·ªáu9LightG·ª≠i t·ª´H√† N·ªôi,"6,5k",83%,13 th√°ng tr∆∞·ªõc,14,trong v√†i gi·ªù,"2,2k",9Light Vi·ªát Nam,mall
https://down-vn.img.susercontent.com/file/vn-11134207-7r98o-lt97e4hz640439_tn,https://shopee.vn/Silicon-d%C3%ADnh-b%E1%BB%A5i-v%E1%BB%87-sinh-m%C3%A1y-t%C3%ADnh-m%C3%A1y-%E1%BA%A3nh-xe-c%E1%BB%99-i.126828504.18958079215?sp_atk=0630c869-df1b-46d3-a9d0-8f86ce265370&xptdk=0630c869-df1b-46d3-a9d0-8f86ce265370,"Silicon d√≠nh b·ª•i v·ªá sinh m√°y t√≠nh, m√°y ·∫£nh, xe c·ªô",,,4.7,"2,6k",,ƒê√£ th√≠ch (246),‚Ç´0 - ‚Ç´33.600,0,,,,"1,8tr",99%,6 nƒÉm tr∆∞·ªõc,"2,3k",trong v√†i gi·ªù,"949,2k",T√≠n Phong Shop,normal
https://down-vn.img.susercontent.com/file/vn-11134207-7r98o-lt97e4hz640439_tn,https://shopee.vn/L%C3%B3t-chu%E1%BB%99t-C%E1%BB%A0-L%E1%BB%9AN-100-m%E1%BA%ABu-k%C3%ADch-th%C6%B0%E1%BB%9Bc-80x30cm-pad-chu%E1%BB%99t-cao-su-gaming-c%E1%BB%A1-l%E1%BB%9Bn-speed-bo-vi%E1%BB%81n-ch%E1%BA%AFc-ch%E1%BA%AFn-i.376012490.12077584147?sp_atk=9b599bb8-54ad-4842-ad20-139100e83a9a&xptdk=9b599bb8-54ad-4842-ad20-139100e83a9a,L√≥t chu·ªôt C·ª† L·ªöN 100 m·∫´u k√≠ch th∆∞·ªõc 80x30cm pad chu·ªôt cao su gaming c·ª° l·ªõn speed bo vi·ªÅn ch·∫Øc ch·∫Øn,,,4.9,9k,,"ƒê√£ th√≠ch (2,1k)",‚Ç´0,1,,,,"84,2k",98%,4 nƒÉm tr∆∞·ªõc,174,trong v√†i gi·ªù,"42,6k",TechStar,Y√™u th√≠ch+
https://down-vn.img.susercontent.com/file/vn-11134207-7r98o-lt97e4hz640439_tn,https://shopee.vn/Gi%C3%A1-%C4%91%E1%BB%A1-laptop-%C4%90%E1%BA%BF-t%E1%BA%A3n-nhi%E1%BB%87t-laptop-macbook-g%E1%BA%A5p-g%E1%BB%8Dn-b%E1%BA%B1ng-nh%C3%B4m-%C4%91i%E1%BB%81u-ch%E1%BB%89nh-6-c%E1%BA%A5p-%C4%91%E1%BB%99-G%C3%80-L%C3%93T-CHU%E1%BB%98T-i.857066507.22107326919?sp_atk=8454c7df-9cdc-402a-a3aa-0d6cd9dd61af&xptdk=8454c7df-9cdc-402a-a3aa-0d6cd9dd61af,"Gi√° ƒë·ª° laptop, ƒê·∫ø t·∫£n nhi·ªát laptop, macbook g·∫•p g·ªçn b·∫±ng nh√¥m ƒëi·ªÅu ch·ªânh 6 c·∫•p ƒë·ªô - G√Ä L√ìT CHU·ªòT",,,4.9,7k,,ƒê√£ th√≠ch (2k),‚Ç´0,0,,,,"13,1k",98%,25 th√°ng tr∆∞·ªõc,52,trong v√†i gi·ªù,"32,6k",G√† L√≥t Chu·ªôt,Y√™u th√≠ch+
https://down-vn.img.susercontent.com/file/vn-11134207-7r98o-lt97e4hz640439_tn,https://shopee.vn/L%C3%B3t-chu%E1%BB%99t-c%E1%BB%A1-l%E1%BB%9Bn-PDGAMING-100-m%E1%BA%ABu-pad-chu%E1%BB%99t-freeship-chuy%C3%AAn-game-si%C3%AAu-b%E1%BB%81n-%C4%91%E1%BA%B9p-b%E1%BA%A3o-h%C3%A0nh-1-n%C4%83m-SHLC9-i.751622461.18156007346?sp_atk=1515cd3a-b378-479f-a88a-e967079fc0e1&xptdk=1515cd3a-b378-479f-a88a-e967079fc0e1,L√≥t chu·ªôt c·ª° l·ªõn PDGAMING 100 m·∫´u pad chu·ªôt freeship chuy√™n game si√™u b·ªÅn ƒë·∫πp b·∫£o h√†nh 1 nƒÉm SHLC9,,,4.9,4k,,ƒê√£ th√≠ch (1k),‚Ç´0,1,,,,"11,8k",98%,30 th√°ng tr∆∞·ªõc,40,trong v√†i gi·ªù,22k,AlohaOffical,mall
https://down-vn.img.susercontent.com/file/vn-11134207-7r98o-lt97e4hz640439_tn,https://shopee.vn/B%E1%BB%99-D%E1%BB%A5ng-C%E1%BB%A5-V%E1%BB%87-Sinh-Laptop-M%C3%A1y-t%C3%ADnh-B%C3%A0n-Ph%C3%ADm-Tai-Nghe-Airpod-%C4%90a-N%C4%83ng-7-in-1-Si%C3%AAu-Nh%E1%BB%8F-G%E1%BB%8Dn-i.168343947.16982202427?sp_atk=5796391b-9971-4e50-96f1-2ad15e739546&xptdk=5796391b-9971-4e50-96f1-2ad15e739546,B·ªô D·ª•ng C·ª• V·ªá Sinh Laptop - M√°y t√≠nh - B√†n Ph√≠m - Tai Nghe Airpod ƒêa NƒÉng 7 in 1 Si√™u Nh·ªè G·ªçn,,,4.9,"5,9k",,"ƒê√£ th√≠ch (3,3k)",‚Ç´0 - ‚Ç´83.100,1,,,,13k,99%,5 nƒÉm tr∆∞·ªõc,108,trong v√†i ph√∫t,"3,1k",TekStore - Ph·ª• Ki·ªán C√¥ng Ngh·ªá,Y√™u th√≠ch+
https://down-vn.img.susercontent.com/file/vn-11134207-7r98o-lt97e4hz640439_tn,https://shopee.vn/B%E1%BB%99-chia-trung-t%C3%A2m-USB-v%E1%BB%9Bi-b%E1%BB%99-chia-c%C3%B4ng-t%E1%BA%AFc-ri%C3%AAng-l%E1%BA%BB-v%E1%BB%9Bi-c%C3%B4ng-t%E1%BA%AFc-ri%C3%AAng-l%E1%BA%BB-B%E1%BB%99-chuy%E1%BB%83n-%C4%91%E1%BB%95i-USB-Hub-%E1%BB%94-c%E1%BA%AFm-%C4%91a-c%E1%BB%95ng-%C4%91%C6%B0%E1%BB%A3c-h%E1%BB%97-tr%E1%BB%A3-B%E1%BA%ACT-T%E1%BA%AET-B%E1%BB%99-chia-b%E1%BB%99-s%E1%BA%A1c-i.196261835.24225333063?sp_atk=745ee1d1-79fe-4bdf-ac06-4ea1d195f5f6&xptdk=745ee1d1-79fe-4bdf-ac06-4ea1d195f5f6,B·ªô chia trung t√¢m USB v·ªõi b·ªô chia c√¥ng t·∫Øc ri√™ng l·∫ª v·ªõi c√¥ng t·∫Øc ri√™ng l·∫ª B·ªô chuy·ªÉn ƒë·ªïi USB Hub ·ªî c·∫Øm ƒëa c·ªïng ƒë∆∞·ª£c h·ªó tr·ª£ B·∫¨T / T·∫ÆT B·ªô chia b·ªô s·∫°c,,,4.8,"3,1k",,ƒê√£ th√≠ch (161),‚Ç´0,1,,,,"2,9tr",91%,5 nƒÉm tr∆∞·ªõc,151k,trong v√†i ph√∫t,3tr,Topick Global,Y√™u th√≠ch
https://down-vn.img.susercontent.com/file/vn-11134207-7r98o-lt97e4hz640439_tn,https://shopee.vn/2-C%C3%A1i-b%E1%BB%99-%C4%90%E1%BA%BF-Laptop-Cho-M%C3%A1y-T%C3%ADnh-B%C3%A0n-Ph%C3%ADm-%C4%90%E1%BB%A9ng-Riser-Nh%C3%B4m-Mini-Di-%C4%90%E1%BB%99ng-Laptop-%C4%90%E1%BB%A9ng-Cho-Notebook-i.196261835.24032741958?sp_atk=666934e5-c374-4986-a718-8c904aa4b0d7&xptdk=666934e5-c374-4986-a718-8c904aa4b0d7,2 C√°i / b·ªô ƒê·∫ø Laptop Cho M√°y T√≠nh B√†n Ph√≠m ƒê·ª©ng Riser Nh√¥m Mini Di ƒê·ªông Laptop ƒê·ª©ng Cho Notebook,,,4.9,"6,7k",,ƒê√£ th√≠ch (333),‚Ç´0,0,,,,"2,9tr",91%,5 nƒÉm tr∆∞·ªõc,151k,trong v√†i ph√∫t,3tr,Topick Global,Y√™u th√≠ch
https://down-vn.img.susercontent.com/file/vn-11134207-7r98o-lt97e4hz640439_tn,https://shopee.vn/Chu%E1%BB%99t-Kh%C3%B4ng-D%C3%A2y-Logitech-M220-Kh%C3%B4ng-Ti%E1%BA%BFng-%E1%BB%92n-C%C3%B3-C%C3%B4ng-T%E1%BA%AFc-On-Off-%C4%90%E1%BB%99-Nh%E1%BA%A1y-Cao-B%E1%BA%A3o-H%C3%A0nh-1-n%C4%83m-i.1335486515.28008265030?sp_atk=ed3c1a4f-1e7a-4a2f-9eed-ef91e78de632&xptdk=ed3c1a4f-1e7a-4a2f-9eed-ef91e78de632,Chu·ªôt Kh√¥ng D√¢y Logitech M220 Kh√¥ng Ti·∫øng ·ªín- C√≥ C√¥ng T·∫Øc On/Off - ƒê·ªô Nh·∫°y Cao -B·∫£o H√†nh 1 nƒÉm,‚Ç´145.000,‚Ç´75.000,4.8,144,"951,7k",ƒê√£ th√≠ch (73),‚Ç´0,1,44136 s·∫£n ph·∫©m c√≥ s·∫µn,"Shop Linh ki·ªán Laptop H√Ä N·ªòI
Shop Linh ki·ªán Laptop H√Ä N·ªòI
Shop Linh ki·ªán Laptop H√Ä N·ªòI
 C√¥ng ngh·ªá k·∫øt n·ªëi kh√¥ng d√¢y 2.4Ghz Kho·∫£ng c√°ch k·∫øt n·ªëi l√™n ƒë·∫øn 10 m√©t C√≥ n√∫t b·∫≠t t·∫Øt ngu·ªìn ti·∫øt ki·ªám nƒÉng l∆∞·ª£ng S·ª≠ d·ª•ng 1 pin AAGI·∫¢M TI·∫æNG ·ªíN TR√äN 90%ƒê∆†N GI·∫¢N, ƒê·ªò TIN C·∫¨Y CAO H√£y t·∫≠n h∆∞·ªüng m·ªôt k·∫øt n·ªëi kh√¥ng d√¢y l√™n t·ªõi 33 feet (10m) nh·ªù v√†o c√¥ng ngh·ªá kh√¥ng d√¢y ti√™n ti·∫øn v√† ƒë·∫ßu thu nano si√™u nh·ªè. Chu·ªôt quang kh√¥ng d√¢y Logitech M220 v·ªõi c·∫£m bi·∫øn quang h·ªçc Logitech Advanced Optical Tracking cho thao t√°c c·ª±c k·ª≥ ch√≠nh x√°c tr√™n h·∫ßu h·∫øt m·ªçi b·ªÅ m·∫∑t. Kh√¥ng c·∫ßn ph·∫£i c√†i ƒë·∫∑t b·∫•t k·ª≥ ph·∫ßn m·ªÅm n√†o, ch·ªâ c·∫ßn k·∫øt n·ªëi ƒë·∫ßu thu v·ªõi b·∫•t k·ª≥ h·ªá ƒëi·ªÅu h√†nh Windows, Mac, Chrome OS ho·∫∑c Linux l√† chu·ªôt ƒë√£ c√≥ th·ªÉ ho·∫°t ƒë·ªông ƒë∆∞·ª£c ngay.B·∫±ng k·ªπ thu·∫≠t ti·∫øt ki·ªám nƒÉng l∆∞·ª£ng th√¥ng minh, chu·ªôt quang kh√¥ng d√¢y Logitech M220 s·∫Ω t·ª± ƒë·ªông chuy·ªÉn sang ch·∫ø ƒë·ªô ‚Äúng·ªß‚Äù khi kh√¥ng s·ª≠ d·ª•ng. Nh·ªù ƒë√≥, dung l∆∞·ª£ng pin s·∫Ω ƒë∆∞·ª£c ti·∫øt ki·ªám ƒë√°ng k·ªÉ, c√≥ th·ªÉ k√©o d√†i l√™n ƒë·∫øn 18 th√°ng. C√¥ng vi·ªác c·ªßa b·∫°n nh·ªù ƒë√≥ c≈©ng ƒë∆∞·ª£c th·ª±c hi·ªán kh√¥ng gi√°n ƒëo·∫°n.Chu·ªôt quang Logitech M220 ƒë∆∞·ª£c ƒë·∫∑c bi·ªát thi·∫øt k·∫ø v·ªõi ki·ªÉu d√°ng √¥m v·ªõi l√≤ng b√†n tay. Thi·∫øt k·∫ø thu·∫≠n c·∫£ hai tay cho c·∫£m gi√°c tho·∫£i m√°i v√† di chu·ªôt ch√≠nh x√°c h∆°n g·∫•p nhi·ªÅu l·∫ßn so v·ªõi khi s·ª≠ d·ª•ng Touchpad tr√™n b√†n ph√≠m. K√≠ch th∆∞·ªõc kh√¥ng qu√° c·ªìng k·ªÅnh c√≤n cho ph√©p b·∫°n mang theo chu·ªôt b√™n m√¨nh v√† s·ª≠ d·ª•ng ·ªü b·∫•t k·ª≥ n∆°i ƒë√¢u.
Shop Linh ki·ªán Laptop H√Ä N·ªòI
Shop Linh ki·ªán Laptop H√Ä N·ªòI
Shop Linh ki·ªán Laptop H√Ä N·ªòI",Danh M·ª•cShopeeM√°y T√≠nh & LaptopPh·ª• Ki·ªán M√°y T√≠nhChu·ªôt M√°y T√≠nhS·ªë l∆∞·ª£ng h√†ng khuy·∫øn m√£i21S·ªë s·∫£n ph·∫©m c√≤n l·∫°i44136Th∆∞∆°ng hi·ªáuOEMKi·ªÉu k·∫øt n·ªëiKh√¥ng d√¢yGame chuy√™n d·ª•ngKh√¥ngH·∫°n b·∫£o h√†nh1 th√°ngG·ª≠i t·ª´H√† N·ªôi,558,89%,56 ng√†y tr∆∞·ªõc,11,trong v√†i gi·ªù,302,Kho T·ªïng Linh ki·ªán Mi·ªÅn B√°c,normal
https://down-vn.img.susercontent.com/file/vn-11134207-7r98o-lt97e4hz640439_tn,https://shopee.vn/Gi%C3%A1-%C4%91%E1%BB%A1-laptop-gi%C3%A1-%C4%91%E1%BB%83-m%C3%A1y-t%C3%ADnh-b%E1%BA%B1ng-g%E1%BB%97-k%E1%BB%87-k%C3%AA-macbook-ipad-c%C3%B3-th%E1%BB%83-g%E1%BA%A5p-g%E1%BB%8Dn-ph%C3%B9-h%E1%BB%A3p-t%E1%BA%A5t-c%E1%BA%A3-c%C3%A1c-lo%E1%BA%A1i-laptop-Suha-Decor-i.912252169.18568263686?sp_atk=b6d511f4-552c-423d-a47a-c1eaf2c40e5f&xptdk=b6d511f4-552c-423d-a47a-c1eaf2c40e5f,Gi√° ƒë·ª° laptop gi√° ƒë·ªÉ m√°y t√≠nh b·∫±ng g·ªó k·ªá k√™ macbook ipad c√≥ th·ªÉ g·∫•p g·ªçn ph√π h·ª£p t·∫•t c·∫£ c√°c lo·∫°i laptop - Suha Decor,,,4.8,"2,3k",,"ƒê√£ th√≠ch (2,7k)",‚Ç´0,0,,,,"10,2k",99%,22 th√°ng tr∆∞·ªõc,41,trong v√†i gi·ªù,"17,8k",SUHA Home Decor,Y√™u th√≠ch+
https://down-vn.img.susercontent.com/file/vn-11134207-7r98o-lt97e4hz640439_tn,https://shopee.vn/Chu%E1%BB%99t-Gaming-Kh%C3%B4ng-D%C3%A2y-T28-D%C3%A0nh-Cho-Game-Th%E1%BB%A7-Ch%E1%BB%91ng-%E1%BB%92n-C%C3%B3-%C4%90%C3%A8n-LED-Ch%C6%A1i-Game-C%E1%BB%B1c-%C4%90%C3%A3-B%E1%BA%A3o-H%C3%A0nh-12-Th%C3%A1ng-i.390877573.15509326183?sp_atk=edfd11cf-195f-4fbd-891d-1bcc142a3d3e&xptdk=edfd11cf-195f-4fbd-891d-1bcc142a3d3e,Chu·ªôt Gaming Kh√¥ng D√¢y T28 D√†nh Cho Game Th·ªß Ch·ªëng ·ªín C√≥ ƒê√®n LED Ch∆°i Game C·ª±c ƒê√£ B·∫£o H√†nh 12 Th√°ng,,,4.9,"6,3k",,"ƒê√£ th√≠ch (2,1k)",‚Ç´0,1,,,,145k,100%,4 nƒÉm tr∆∞·ªõc,413,trong v√†i gi·ªù,"118,7k",tongkhochuyensi68,normal
https://down-vn.img.susercontent.com/file/vn-11134207-7r98o-lt97e4hz640439_tn,https://shopee.vn/Mi%E1%BA%BFng-L%C3%B3t-Chu%E1%BB%99t-C%E1%BB%A1-L%E1%BB%9Bn-Th%E1%BA%A3m-N%E1%BB%89-Tr%E1%BA%A3i-B%C3%A0n-L%C3%A0m-Vi%E1%BB%87c-Deskpad-n%E1%BB%89-l%E1%BB%9Bn-Full-b%C3%A0n-120x60-100x50-90x40-80x30-i.55772165.10264037976?sp_atk=f9bc2bbc-3efa-41bc-bf18-7a63e3a67032&xptdk=f9bc2bbc-3efa-41bc-bf18-7a63e3a67032,"Mi·∫øng L√≥t Chu·ªôt C·ª° L·ªõn, Th·∫£m N·ªâ Tr·∫£i B√†n L√†m Vi·ªác, Deskpad n·ªâ l·ªõn Full b√†n 120x60, 100x50, 90x40, 80x30",,,4.7,"4,2k",,"ƒê√£ th√≠ch (2,5k)",‚Ç´0,0,,,,"20,3k",96%,7 nƒÉm tr∆∞·ªõc,48,trong v√†i gi·ªù,"23,6k",DreaMee -Th·∫ø Gi·ªõi Trang Tr√≠ PC,normal
https://down-vn.img.susercontent.com/file/vn-11134207-7r98o-lt97e4hz640439_tn,https://shopee.vn/Tai-Nghe-Nh%C3%A9t-Tai-AKG-Samsung-C%C3%B3-D%C3%A2y-H%C3%A0ng-1-1-S8-S9-S10-S20-S21-S22-Note-8-Note-10-Note-20-Jack-3.5mm-v%C3%A0-Type-C-Vinzy-i.948174840.18773646909?sp_atk=3aa9b91a-98fd-41c3-97e2-86fd78d81d52&xptdk=3aa9b91a-98fd-41c3-97e2-86fd78d81d52,Tai Nghe Nh√©t Tai AKG Samsung C√≥ D√¢y H√†ng 1:1 S8 S9 S10 S20 S21 S22 Note 8 Note 10 Note 20 Jack 3.5mm v√† Type C-Vinzy,,,4.7,"3,1k",,ƒê√£ th√≠ch (508),‚Ç´0,1,,,,"5,6k",99%,20 th√°ng tr∆∞·ªõc,51,trong v√†i gi·ªù,"4,2k",Ph·ª• Ki·ªán ƒêi·ªán Tho·∫°i Vinzy.,mall
https://down-vn.img.susercontent.com/file/vn-11134207-7r98o-lt97e4hz640439_tn,https://shopee.vn/Tai-nghe-c%C3%B3-d%C3%A2y-gaming-S-P-U19-co%CC%81-mic-phone-ch%E1%BB%91ng-%E1%BB%93n-ch%C6%A1i-game-hay-nh%C6%B0-tai-nghe-bluetooth-i.289826815.21708214680?sp_atk=e2f76b93-b77a-406c-93cc-f7a2b6f179ed&xptdk=e2f76b93-b77a-406c-93cc-f7a2b6f179ed,Tai nghe c√≥ d√¢y gaming S P U19 coÃÅ mic phone ch·ªëng ·ªìn ch∆°i game hay nh∆∞ tai nghe bluetooth,,,4.8,23k,,"ƒê√£ th√≠ch (3,4k)",‚Ç´0 - ‚Ç´22.000,1,,,,"372,8k",95%,4 nƒÉm tr∆∞·ªõc,146,trong v√†i gi·ªù,"290,7k",Sagopy (Tai nghe-C∆∞·ªùng l·ª±c-·ªêp),Y√™u th√≠ch
https://down-vn.img.susercontent.com/file/vn-11134207-7r98o-lt97e4hz640439_tn,https://shopee.vn/Chu%E1%BB%99t-Kh%C3%B4ng-D%C3%A2y-A273-Ch%E1%BB%91ng-%E1%BB%92n-T%C3%ADch-H%E1%BB%A3p-Pin-S%E1%BA%A1c-K%E1%BA%BFt-N%E1%BB%91i-Bluetooth-USB-2.4Ghz-D%C3%B9ng-L%C3%A0m-Vi%E1%BB%87c-Ch%C6%A1i-Game-V%C4%83n-Ph%C3%B2ng-i.205254842.25724534846?sp_atk=84edc71f-b328-4910-9680-6806b515eb33&xptdk=84edc71f-b328-4910-9680-6806b515eb33,Chu·ªôt Kh√¥ng D√¢y A273 Ch·ªëng ·ªín T√≠ch H·ª£p Pin S·∫°c K·∫øt N·ªëi Bluetooth + USB 2.4Ghz D√πng L√†m Vi·ªác Ch∆°i Game VƒÉn Ph√≤ng,,,4.9,"1,1k",,ƒê√£ th√≠ch (301),‚Ç´0,0,,,,"58,8k",100%,5 nƒÉm tr∆∞·ªõc,152,trong v√†i gi·ªù,"96,2k",ƒê·ªì C√¥ng Ngh·ªá Gi√° Si√™u R·∫ª,Y√™u th√≠ch+
https://down-vn.img.susercontent.com/file/vn-11134207-7r98o-lt97e4hz640439_tn,https://shopee.vn/L%C3%B3t-Chu%E1%BB%99t-Gaming-ZiyouLang-Size-25x21cm-Nhi%E1%BB%81u-M%E1%BA%ABu-%C4%90a-D%E1%BA%A1ng-C%E1%BB%B1c-%C4%90%E1%BA%B9p-Giao-H%C3%A0ng-Ng%E1%BA%ABu-Nhi%C3%AAn-May-Vi%E1%BB%81n-Ch%E1%BA%AFc-Ch%E1%BA%AFn-i.880853188.21853772598?sp_atk=08b6f68a-99f2-4659-9db7-9d2eb7d50a05&xptdk=08b6f68a-99f2-4659-9db7-9d2eb7d50a05,"L√≥t Chu·ªôt Gaming ZiyouLang Size 25x21cm, Nhi·ªÅu M·∫´u ƒêa D·∫°ng C·ª±c ƒê·∫πp, Giao H√†ng Ng·∫´u Nhi√™n, May Vi·ªÅn Ch·∫Øc Ch·∫Øn",,,4.8,"1,6k",,ƒê√£ th√≠ch (207),‚Ç´0 - ‚Ç´42.600,0,,,,"8,9k",97%,24 th√°ng tr∆∞·ªõc,160,trong v√†i gi·ªù,"22,4k",ZIYOULANG HCM,mall
https://down-vn.img.susercontent.com/file/vn-11134207-7r98o-lt97e4hz640439_tn,https://shopee.vn/Loa-Bluetooth-Karaoke-Mini-K12-k%C3%A8m-2-mic-kh%C3%B4ng-d%C3%A2y-c%C3%B4ng-su%E1%BA%A5t-cao-i.1144000589.25256705310?sp_atk=64a7ddaf-ca0c-4b96-a634-2e02cd4952e9&xptdk=64a7ddaf-ca0c-4b96-a634-2e02cd4952e9,Loa Bluetooth Karaoke Mini  K12 k√®m 2 mic kh√¥ng d√¢y c√¥ng su·∫•t cao,,,4.7,"1,4k",,ƒê√£ th√≠ch (513),‚Ç´0,0,,,,"2,1k",98%,10 th√°ng tr∆∞·ªõc,"1,8k",trong v√†i gi·ªù,"2,6k",Shop¬†TunTunTun,Y√™u th√≠ch
https://down-vn.img.susercontent.com/file/vn-11134207-7r98o-lt97e4hz640439_tn,https://shopee.vn/K%E1%BB%87-m%C3%A1y-t%C3%ADnh-g%E1%BB%97-TopV-%C4%91%E1%BB%83-b%C3%A0n-gi%C3%A1-%C4%91%E1%BB%A1-laptop-n%C3%A2ng-pc-1-2-t%E1%BA%A7ng-tr%E1%BA%AFng-k%E1%BB%87-m%C3%A0n-h%C3%ACnh-decor-b%C3%A0n-h%E1%BB%8Dc-k%C3%AA-vi-t%C3%ADnh-TopV-Home-i.725075815.25729360079?sp_atk=7f2f36a4-2abb-4ed3-9ad9-6db9630a56a2&xptdk=7f2f36a4-2abb-4ed3-9ad9-6db9630a56a2,K·ªá m√°y t√≠nh g·ªó TopV ƒë·ªÉ b√†n gi√° ƒë·ª° laptop n√¢ng pc 1 2 t·∫ßng tr·∫Øng k·ªá m√†n h√¨nh decor b√†n h·ªçc k√™ vi t√≠nh TopV Home,,,4.9,422,,ƒê√£ th√≠ch (848),‚Ç´0,1,,,,"1,2k",99%,31 th√°ng tr∆∞·ªõc,30,trong v√†i gi·ªù,"2,3k",TopV Home,Y√™u th√≠ch
https://down-vn.img.susercontent.com/file/vn-11134207-7r98o-lt97e4hz640439_tn,https://shopee.vn/Chu%E1%BB%99t-Bluetooth-Kh%C3%B4ng-D%C3%A2y-M%C3%A1y-T%C3%ADnh-S%E1%BA%A1c-Type-C-TEKKIN-A10-C%C3%B3-Th%E1%BB%83-S%E1%BA%A1c-L%E1%BA%A1i-Click-Kh%C3%B4ng-G%C3%A2y-Ti%E1%BA%BFng-%E1%BB%92n-i.326799420.20871848909?sp_atk=7f08e801-3dea-4138-bdbf-1a58e82585a5&xptdk=7f08e801-3dea-4138-bdbf-1a58e82585a5,Chu·ªôt Bluetooth Kh√¥ng D√¢y M√°y T√≠nh S·∫°c Type C TEKKIN A10 C√≥ Th·ªÉ S·∫°c L·∫°i Click Kh√¥ng G√¢y Ti·∫øng ·ªín,,,4.9,"2,1k",,ƒê√£ th√≠ch (552),‚Ç´0,0,,,,13k,89%,4 nƒÉm tr∆∞·ªõc,151,trong v√†i gi·ªù,"11,7k",TEKKIN OFFICIAL STORE,mall
https://down-vn.img.susercontent.com/file/vn-11134207-7r98o-lt97e4hz640439_tn,https://shopee.vn/V%E1%BB%8F-b%E1%BA%A3o-v%E1%BB%87-b%C3%A0n-ph%C3%ADm-cho-PC-v%C3%A0-laptop-14.0-15.6-inch-i.196261835.22689977272?sp_atk=323e0af4-bd88-4ccc-955b-46b0e88442d0&xptdk=323e0af4-bd88-4ccc-955b-46b0e88442d0,V·ªè b·∫£o v·ªá b√†n ph√≠m cho PC v√† laptop 14.0 / 15.6 inch,,,4.8,"13,4k",,ƒê√£ th√≠ch (308),‚Ç´0,0,,,,"2,9tr",91%,5 nƒÉm tr∆∞·ªõc,151k,trong v√†i ph√∫t,3tr,Topick Global,Y√™u th√≠ch
https://down-vn.img.susercontent.com/file/vn-11134207-7r98o-lt97e4hz640439_tn,https://shopee.vn/Gi%C3%A1-%C4%91%E1%BB%A1-Laptop-Macbook-Ipad-b%E1%BA%B1ng-kim-lo%E1%BA%A1i-%C4%91i%E1%BB%81u-ch%E1%BB%89nh-%C4%91%C6%B0%E1%BB%A3c-%C4%91%E1%BB%99-cao-%C4%91%E1%BA%BF-t%E1%BA%A3n-nhi%E1%BB%87t-k%C3%AA-laptop-HASAGI-i.308203827.29659747469?sp_atk=22ca664d-5e17-4be8-945a-f7c8854073ba&xptdk=22ca664d-5e17-4be8-945a-f7c8854073ba,"Gi√° ƒë·ª° Laptop, Macbook, Ipad b·∫±ng kim lo·∫°i ƒëi·ªÅu ch·ªânh ƒë∆∞·ª£c ƒë·ªô cao, ƒë·∫ø t·∫£n nhi·ªát k√™ laptop HASAGI",,,4.9,581,,ƒê√£ th√≠ch (79),‚Ç´0,1,,,,"6,7k",96%,4 nƒÉm tr∆∞·ªõc,14,trong v√†i gi·ªù,404,Ph·ª• Ki·ªán Hasagi,mall
https://down-vn.img.susercontent.com/file/vn-11134207-7r98o-lt97e4hz640439_tn,https://shopee.vn/B%E1%BB%99-D%E1%BB%A5ng-C%E1%BB%A5-V%E1%BB%87-Sinh-Laptop-M%C3%A1y-T%C3%ADnh-SMTech-B%E1%BB%99-V%E1%BB%87-Sinh-B%C3%A0n-Ph%C3%ADm-M%C3%A0n-H%C3%ACnh-Tai-Nghe-%C4%90i%E1%BB%87n-Tho%E1%BA%A1i-Nh%E1%BB%8F-G%E1%BB%8Dn-i.745623397.24629121382?sp_atk=7f3f2995-3cf7-425f-9c80-9c2bbc63ce8a&xptdk=7f3f2995-3cf7-425f-9c80-9c2bbc63ce8a,B·ªô D·ª•ng C·ª• V·ªá Sinh Laptop M√°y T√≠nh SMTech B·ªô V·ªá Sinh B√†n Ph√≠m M√†n H√¨nh Tai Nghe ƒêi·ªán Tho·∫°i Nh·ªè G·ªçn,,,4.8,"1,6k",,ƒê√£ th√≠ch (866),‚Ç´0,0,,,,"166,1k",99%,30 th√°ng tr∆∞·ªõc,222,trong v√†i gi·ªù,"158,1k",JYooHome Official,mall
https://down-vn.img.susercontent.com/file/vn-11134207-7r98o-lt97e4hz640439_tn,https://shopee.vn/K%E1%BB%87-M%C3%A1y-T%C3%ADnh-%C4%90%E1%BB%83-B%C3%A0n-1-t%E1%BA%A7ng-2-t%E1%BA%A7ng-K%C3%AA-M%C3%A0n-H%C3%ACnh-Lo%E1%BA%A1i-T%E1%BB%91t-%C4%90%C3%A3-L%E1%BA%AFp-S%E1%BA%B5n-G%E1%BB%97-X%E1%BB%8Bn-D%C3%A0y-17mm-Luzo-Home-i.60770149.15070333708?sp_atk=9d1f9cf4-9d74-4fcb-bb9b-abea3d1695ea&xptdk=9d1f9cf4-9d74-4fcb-bb9b-abea3d1695ea,"K·ªá M√°y T√≠nh ƒê·ªÉ B√†n 1 t·∫ßng 2 t·∫ßng K√™ M√†n H√¨nh Lo·∫°i T·ªët ƒê√£ L·∫Øp S·∫µn, G·ªó X·ªãn D√†y 17mm - Luzo Home",,,4.9,"4,1k",,"ƒê√£ th√≠ch (5,4k)",‚Ç´0 - ‚Ç´60.600,1,,,,"21,5k",100%,7 nƒÉm tr∆∞·ªõc,73,trong v√†i gi·ªù,"25,1k",Luzo Home,Y√™u th√≠ch
https://down-vn.img.susercontent.com/file/vn-11134207-7r98o-lt97e4hz640439_tn,https://shopee.vn/Mi%E1%BA%BFng-l%C3%B3t-chu%E1%BB%99t-B%C3%A0n-di-chu%E1%BB%99t-h%C3%ACnh-tr%C3%B2n-20-x-20cm-Gi%C3%A1-R%E1%BA%BB-si%C3%AAu-d%E1%BB%85-th%C6%B0%C6%A1ng-ARSE-FANS-i.974031127.19792201414?sp_atk=9cadcc64-84e0-4cd6-abf8-5d809523278c&xptdk=9cadcc64-84e0-4cd6-abf8-5d809523278c,"Mi·∫øng l√≥t chu·ªôt, B√†n di chu·ªôt h√¨nh tr√≤n 20 x 20cm Gi√° R·∫ª si√™u d·ªÖ th∆∞∆°ng ARSE FANS",‚Ç´12.999,‚Ç´7.800,4.9,621,"4,6k",ƒê√£ th√≠ch (78),‚Ç´0 - ‚Ç´13.500,0,4430 s·∫£n ph·∫©m c√≥ s·∫µn,"üíñCh√†o m·ª´ng b·∫°n ƒë·∫øn v·ªõi c·ª≠a h√†ng c·ªßa ch√∫ng t√¥i!

üíñC·ª≠a h√†ng c·ªßa ch√∫ng t√¥i cho ph√©p b·∫°n tr·∫£i nghi·ªám d·ªãch v·ª• m·ªôt c·ª≠a, bao g·ªìm ƒë·ªì d√πng nh√† b·∫øp, ƒë·ªì d√πng gia ƒë√¨nh v√† ƒë·ªì l√†m ƒë·∫πp, m·ªçi th·ª© b·∫°n c·∫ßn! T·∫•t c·∫£ c√°c s·∫£n ph·∫©m ƒë·ªÅu c√≥ gi√° s·ªâ, ch·∫•t l∆∞·ª£ng cao v√† gi√° th√†nh r·∫ª, ch·∫•t l∆∞·ª£ng ƒë∆∞·ª£c ƒë·∫£m b·∫£o!

üíñCam k·∫øt c·ªßa ch√∫ng t√¥i:

1. N·∫øu b·∫°n kh√¥ng h√†i l√≤ng v·ªõi gi√° c·∫£, h√£y tr·∫£ l·∫°i ƒë·ªÉ ƒë∆∞·ª£c ho√†n l·∫°i ti·ªÅn!
2. N·∫øu b·∫°n kh√¥ng h√†i l√≤ng v·ªõi ch·∫•t l∆∞·ª£ng, h√£y tr·∫£ l·∫°i ƒë·ªÉ ƒë∆∞·ª£c ho√†n l·∫°i ti·ªÅn!

üíñTheo d√µi c·ª≠a h√†ng n√†y ƒë·ªÉ nh·∫≠n phi·∫øu gi·∫£m gi√° ti·ªÅn m·∫∑t„ÄÇ
Nh·∫•n THEO D√ïI shop ƒë·ªÉ nhanh ch√≥ng c·∫≠p nh·∫≠t nh·ªØng s·∫£n ph·∫©m, th√¥ng tin v√† ch∆∞∆°ng tr√¨nh khuy·∫øn m√£i m·ªõi t·ª´ shop nh√©.

**********************************************
T√™n s·∫£n ph·∫©m : L√≥t chu·ªôt h√¨nh tr√≤n si√™u d·ªÖ th∆∞∆°ng 
M√†u s·∫Øc t∆∞∆°i t·∫Øn, h√¨nh ·∫£nh d·ªÖ th∆∞∆°ng g√≥p ph·∫ßn t√¥ ƒëi·ªÉm h∆°n cho b√†n l√†m vi·ªác c·ªßa b·∫°n

Th√¥ng s·ªë l√≥t chu·ªôt :
H√¨nh Tr√≤n,d√†y 3mm, 
Size :ƒë∆∞·ªùng k√≠nh 20cm
ƒê·ªô d√†y : 0.3 cm ( 3mm )
Ch·∫•t li·ªáu : Cao su
B·ªÅ m·∫∑t : Tr∆°n - Nh·∫µn


M√¥ t·∫£ s·∫£n ph·∫©m l√≥t chu·ªôt, pad chu·ªôt t·∫°i surival

+ Ko b√°m m√πi cao su, kh√¥ng ·∫£nh h∆∞·ªüng ƒë·∫øn s·ª©c kh·ªèe.
+ Bo vi·ªÅn ch·∫Øc ch·∫Øn,h·∫°n ch·∫ø bong tr√≥c khi s·ª≠ d·ª•ng.
+ In h√¨nh r·∫•t s·∫Øc n√©t.
+ ƒêa d·∫°ng c√°c m·∫´u v√† lo·∫°i cho b·∫°n l·ª±a ch·ªçn.",Danh M·ª•cShopeeM√°y T√≠nh & LaptopPh·ª• Ki·ªán M√°y T√≠nhB√†n Di Chu·ªôtKho4430Lo·∫°i b·∫£o h√†nhB·∫£o h√†nh nh√† cung c·∫•pƒê·ªãa ch·ªâ t·ªï ch·ª©c ch·ªãu tr√°ch nhi·ªám s·∫£n xu·∫•tƒêang c·∫≠p nh·∫≠tGame chuy√™n d·ª•ngKh√¥ngT√™n t·ªï ch·ª©c ch·ªãu tr√°ch nhi·ªám s·∫£n xu·∫•tƒêang c·∫≠p nh·∫≠tK√≠ch th∆∞·ªõc (d√†i x r·ªông x cao)20CMG·ª≠i t·ª´TP. H·ªì Ch√≠ Minh,"15,5k",100%,19 th√°ng tr∆∞·ªõc,978,trong v√†i ph√∫t,"10,6k",Arse_Fans,normal
https://down-vn.img.susercontent.com/file/vn-11134207-7r98o-lt97e4hz640439_tn,https://shopee.vn/Tai-nghe-bluetooth-gaming-KY9-Pro-S-P-tai-nghe-kh%C3%B4ng-d%C3%A2y-S-P-c%E1%BA%A3m-%E1%BB%A9ng-c%C3%B3-mic-phone-%C4%91i%E1%BB%87n-tho%E1%BA%A1i-i.289826815.14688000873?sp_atk=e7a87961-eb5d-40fe-ac55-5aafbff872ed&xptdk=e7a87961-eb5d-40fe-ac55-5aafbff872ed,"Tai nghe bluetooth gaming KY9 Pro S P, tai nghe kh√¥ng d√¢y S P c·∫£m ·ª©ng c√≥ mic phone ƒëi·ªán tho·∫°i",,,4.8,3k,,ƒê√£ th√≠ch (324),‚Ç´0 - ‚Ç´22.000,0,,,,"372,8k",95%,4 nƒÉm tr∆∞·ªõc,146,trong v√†i gi·ªù,"290,7k",Sagopy (Tai nghe-C∆∞·ªùng l·ª±c-·ªêp),Y√™u th√≠ch
https://down-vn.img.susercontent.com/file/vn-11134207-7r98o-lt97e4hz640439_tn,https://shopee.vn/Gi%C3%A1-%C4%91%E1%BB%A1-LAPTOP-MACBOOK-IPAD-b%E1%BA%B1ng-nh%C3%B4m-c%C3%B3-th%E1%BB%83-%C4%91i%E1%BB%81u-ch%E1%BB%89nh-%C4%91%C6%B0%E1%BB%A3c-%C4%91%E1%BB%99-cao-%C4%91%E1%BA%BF-t%E1%BA%A3n-nhi%E1%BB%87t-k%C3%AA-laptop-nh%C3%B4m-i.338344025.3566029986?sp_atk=930479cf-912f-404c-8a81-22d4d3b31e64&xptdk=930479cf-912f-404c-8a81-22d4d3b31e64,"Gi√° ƒë·ª° LAPTOP, MACBOOK, IPAD b·∫±ng nh√¥m c√≥ th·ªÉ ƒëi·ªÅu ch·ªânh ƒë∆∞·ª£c ƒë·ªô cao, ƒë·∫ø t·∫£n nhi·ªát k√™ laptop nh√¥m",,,4.9,"41,2k",,"ƒê√£ th√≠ch (15,4k)",‚Ç´0,1,,,,"126,7k",100%,4 nƒÉm tr∆∞·ªõc,63,trong v√†i gi·ªù,"71,4k",Macbox - Th·∫ø Gi·ªõi Ph·ª• Ki·ªán,Y√™u th√≠ch+
https://down-vn.img.susercontent.com/file/vn-11134207-7r98o-lt97e4hz640439_tn,https://shopee.vn/Chu%E1%BB%99t-Logitech-G102-gaming-chu%E1%BB%99t-ch%C6%A1i-game-c%C3%B3-d%C3%A2y-Led-RGB-8000DPI-H%C3%A0ng-nh%E1%BA%ADp-kh%E1%BA%A9u-C%C3%B3-%C4%90%C3%A8n-LED-i.53118009.11388433423?sp_atk=0a5c9051-bafe-4de1-b018-507bc72e9a78&xptdk=0a5c9051-bafe-4de1-b018-507bc72e9a78,Chu·ªôt Logitech G102 gaming chu·ªôt ch∆°i game c√≥ d√¢y Led RGB 8000DPI - H√†ng nh·∫≠p kh·∫©u- C√≥ ƒê√®n LED,,,4.8,"2,4k",,ƒê√£ th√≠ch (637),‚Ç´0,0,,,,"188,7k",100%,7 nƒÉm tr∆∞·ªõc,744,trong v√†i gi·ªù,88k,Hauhaushop91,Y√™u th√≠ch
https://down-vn.img.susercontent.com/file/vn-11134207-7r98o-lt97e4hz640439_tn,https://shopee.vn/-LO%E1%BA%A0I-X%E1%BB%8AN-Gi%C3%A1-%C4%90%E1%BB%A1-M%C3%A1y-T%C3%ADnh-X%C3%A1ch-Tay-K%E1%BB%87-%C4%91%E1%BB%A1-Laptop-ipad-MacBook-H%E1%BB%A3p-Kim-Nh%C3%B4m-g%E1%BA%A5p-g%E1%BB%8Dn-%C4%90i%E1%BB%81u-Ch%E1%BB%89nh-6-C%E1%BA%A5p-%C4%90%E1%BB%99-Ch%E1%BB%91ng-Rung-Th-i.135087029.12098219293?sp_atk=5b71a96a-67d1-4129-a62b-297cedc3d47d&xptdk=5b71a96a-67d1-4129-a62b-297cedc3d47d,"[ LO·∫†I X·ªäN ] Gi√° ƒê·ª° M√°y T√≠nh X√°ch Tay - K·ªá ƒë·ª° Laptop,ipad,MacBook H·ª£p Kim Nh√¥m g·∫•p g·ªçn ƒêi·ªÅu Ch·ªânh 6 C·∫•p ƒê·ªô Ch·ªëng Rung Th",,,4.9,470,,ƒê√£ th√≠ch (135),‚Ç´0,0,,,,"38,7k",10%,6 nƒÉm tr∆∞·ªõc,899,trong v√†i gi·ªù,"12,9k",chat039,normal
https://down-vn.img.susercontent.com/file/vn-11134207-7r98o-lt97e4hz640439_tn,https://shopee.vn/B%E1%BB%99-D%E1%BB%A5ng-C%E1%BB%A5-V%E1%BB%87-Sinh-Laptop-M%C3%A1y-t%C3%ADnh-B%C3%A0n-ph%C3%ADm-Tai-nghe-Airpod-7-in-1-si%C3%AAu-nh%E1%BB%8F-g%E1%BB%8Dn-10-in-1-New-i.261280750.11572689746?sp_atk=40ce8bad-968c-4fb3-a336-0b6d27ff2a65&xptdk=40ce8bad-968c-4fb3-a336-0b6d27ff2a65,"B·ªô D·ª•ng C·ª• V·ªá Sinh Laptop - M√°y t√≠nh - B√†n ph√≠m - Tai nghe Airpod 7 in 1 si√™u nh·ªè g·ªçn, 10 in 1 New",,,4.8,"7,4k",,ƒê√£ th√≠ch (5k),‚Ç´0,1,,,,"18,3k",96%,4 nƒÉm tr∆∞·ªõc,38,trong v√†i ph√∫t,"27,6k",HeadphoneVutica,Y√™u th√≠ch+
